2026-07-17T15:46:44.366Z,160ae51c-352e-49a8-b325-b08a7d55a9ae,,,sessionEnd,,,,,,,
timestamp,sessionId,scene,sceneState,kind,element,elementType,duration,actionType,sourceId,value,error
2026-07-17T15:46:44.368Z,0914e2fd-ee18-4729-834a-a48ea5952fce,,,sessionEnd,,,,,,,
2026-07-17T15:46:46.641Z,0914e2fd-ee18-4729-834a-a48ea5952fce,,,elementTap,Zephyr,button,,,,,
2026-07-17T15:46:46.642Z,0914e2fd-ee18-4729-834a-a48ea5952fce,,,actionRun,Zephyr,,,goToScene,,,
2026-07-17T15:46:46.642Z,0914e2fd-ee18-4729-834a-a48ea5952fce,Zephyr,,sceneEnter,,,,,,,
2026-07-17T15:46:54.797Z,0914e2fd-ee18-4729-834a-a48ea5952fce,Zephyr,,elementTap,CMSIS,button,,,,,
2026-07-17T15:46:54.797Z,0914e2fd-ee18-4729-834a-a48ea5952fce,Zephyr,,actionRun,CMSIS,,,setState,,,
2026-07-17T15:46:54.798Z,0914e2fd-ee18-4729-834a-a48ea5952fce,Zephyr,,stateExit,,,8156,,,,
2026-07-17T15:47:01.685Z,0914e2fd-ee18-4729-834a-a48ea5952fce,Zephyr,ZephyrPercepio,elementTap,CMSIS,button,,,,,
2026-07-17T15:47:01.685Z,0914e2fd-ee18-4729-834a-a48ea5952fce,Zephyr,ZephyrPercepio,actionRun,CMSIS,,,setState,,,
2026-07-17T15:47:01.685Z,0914e2fd-ee18-4729-834a-a48ea5952fce,Zephyr,ZephyrPercepio,stateExit,,,6887,,,,
2026-07-17T15:47:08.149Z,0914e2fd-ee18-4729-834a-a48ea5952fce,Zephyr,ZephyrMicrochip,elementTap,CMSIS,button,,,,,
2026-07-17T15:47:08.149Z,0914e2fd-ee18-4729-834a-a48ea5952fce,Zephyr,ZephyrMicrochip,actionRun,CMSIS,,,setState,,,
2026-07-17T15:47:08.149Z,0914e2fd-ee18-4729-834a-a48ea5952fce,Zephyr,ZephyrMicrochip,stateExit,,,6464,,,,
2026-07-17T15:47:52.646Z,0914e2fd-ee18-4729-834a-a48ea5952fce,Zephyr,ZephyrBoard,elementTap,CMSIS,button,,,,,
2026-07-17T15:47:52.646Z,0914e2fd-ee18-4729-834a-a48ea5952fce,Zephyr,ZephyrBoard,actionRun,CMSIS,,,setState,,,
2026-07-17T15:47:52.646Z,0914e2fd-ee18-4729-834a-a48ea5952fce,Zephyr,ZephyrBoard,stateExit,,,44497,,,,
2026-07-17T15:47:55.612Z,0914e2fd-ee18-4729-834a-a48ea5952fce,Zephyr,ZephyrMicrochip,elementTap,CMSIS,button,,,,,
2026-07-17T15:47:55.612Z,0914e2fd-ee18-4729-834a-a48ea5952fce,Zephyr,ZephyrMicrochip,actionRun,CMSIS,,,setState,,,
2026-07-17T15:47:55.612Z,0914e2fd-ee18-4729-834a-a48ea5952fce,Zephyr,ZephyrMicrochip,stateExit,,,2966,,,,
2026-07-17T15:47:58.805Z,0914e2fd-ee18-4729-834a-a48ea5952fce,Zephyr,ZephyrPercepio,elementTap,Zephyr,button,,,,,
2026-07-17T15:47:58.805Z,0914e2fd-ee18-4729-834a-a48ea5952fce,Zephyr,ZephyrPercepio,actionRun,Zephyr,,,goToScene,,,
2026-07-17T15:47:58.805Z,0914e2fd-ee18-4729-834a-a48ea5952fce,Zephyr,ZephyrPercepio,sceneExit,,,72163,,,,
2026-07-17T15:47:58.805Z,0914e2fd-ee18-4729-834a-a48ea5952fce,Home,,sceneEnter,,,,,,,
2026-07-17T15:48:32.407Z,0914e2fd-ee18-4729-834a-a48ea5952fce,Home,,elementTap,CMSIS,button,,,,,
2026-07-17T15:48:32.407Z,0914e2fd-ee18-4729-834a-a48ea5952fce,Home,,actionRun,CMSIS,,,goToScene,,,
2026-07-17T15:48:32.407Z,0914e2fd-ee18-4729-834a-a48ea5952fce,Home,,sceneExit,,,33602,,,,
2026-07-17T15:48:32.407Z,0914e2fd-ee18-4729-834a-a48ea5952fce,CMSIS,,sceneEnter,,,,,,,
2026-07-17T15:48:34.040Z,0914e2fd-ee18-4729-834a-a48ea5952fce,CMSIS,,elementTap,CMSIS,button,,,,,
2026-07-17T15:48:34.040Z,0914e2fd-ee18-4729-834a-a48ea5952fce,CMSIS,,actionRun,CMSIS,,,setState,,,
2026-07-17T15:48:34.040Z,0914e2fd-ee18-4729-834a-a48ea5952fce,CMSIS,,stateExit,,,1633,,,,
2026-07-17T15:49:57.586Z,0914e2fd-ee18-4729-834a-a48ea5952fce,CMSIS,VSstate,elementTap,CMSIS,button,,,,,
2026-07-17T15:49:57.586Z,0914e2fd-ee18-4729-834a-a48ea5952fce,CMSIS,VSstate,actionRun,CMSIS,,,setState,,,
2026-07-17T15:49:57.586Z,0914e2fd-ee18-4729-834a-a48ea5952fce,CMSIS,VSstate,stateExit,,,83546,,,,
2026-07-17T15:50:09.768Z,0914e2fd-ee18-4729-834a-a48ea5952fce,CMSIS,NanoState,elementTap,CMSIS,button,,,,,
2026-07-17T15:50:09.768Z,0914e2fd-ee18-4729-834a-a48ea5952fce,CMSIS,NanoState,actionRun,CMSIS,,,setState,,,
2026-07-17T15:50:09.768Z,0914e2fd-ee18-4729-834a-a48ea5952fce,CMSIS,NanoState,stateExit,,,12182,,,,
2026-07-17T15:51:43.266Z,0914e2fd-ee18-4729-834a-a48ea5952fce,CMSIS,DAstate,sessionEnd,,,,,,,
timestamp,sessionId,scene,sceneState,kind,element,elementType,duration,actionType,sourceId,value,error
2026-07-17T15:51:43.268Z,511e6ffe-4adf-432d-80f7-7b4069a921f8,CMSIS,DAstate,sessionEnd,,,,,,,
2026-07-17T15:51:56.761Z,511e6ffe-4adf-432d-80f7-7b4069a921f8,CMSIS,DAstate,sessionEnd,,,,,,,
timestamp,sessionId,scene,sceneState,kind,element,elementType,duration,actionType,sourceId,value,error
2026-07-17T15:51:56.763Z,18ef5dd7-2297-49a5-b4f4-88a051eaf024,CMSIS,DAstate,sessionEnd,,,,,,,
timestamp,sessionId,scene,sceneState,kind,element,elementType,duration,actionType,sourceId,value,error
2026-07-17T16:20:54.488Z,3acd2b59-9b9d-42c9-bd44-f8394b4f2404,,,sessionEnd,,,,,,,
timestamp,sessionId,scene,sceneState,kind,element,elementType,duration,actionType,sourceId,value,error
2026-07-17T16:20:54.490Z,ad08211a-204e-4d90-b0b8-fb6dc03f6c08,,,sessionEnd,,,,,,,
2026-07-17T16:20:56.306Z,ad08211a-204e-4d90-b0b8-fb6dc03f6c08,,,sessionEnd,,,,,,,
timestamp,sessionId,scene,sceneState,kind,element,elementType,duration,actionType,sourceId,value,error
2026-07-17T16:20:56.307Z,13c6c455-3e1a-4240-b1f8-0e61f4bed1fe,,,sessionEnd,,,,,,,
2026-07-17T16:21:02.880Z,13c6c455-3e1a-4240-b1f8-0e61f4bed1fe,,,sessionEnd,,,,,,,
timestamp,sessionId,scene,sceneState,kind,element,elementType,duration,actionType,sourceId,value,error
2026-07-17T16:21:02.881Z,06201ffb-7735-42db-838c-f51d0ad3c3a6,,,sessionEnd,,,,,,,
2026-07-17T16:21:04.182Z,06201ffb-7735-42db-838c-f51d0ad3c3a6,,,elementTap,AcademicProg,button,,,,,
2026-07-17T16:21:04.182Z,06201ffb-7735-42db-838c-f51d0ad3c3a6,,,actionRun,AcademicProg,,,goToScene,,,
2026-07-17T16:21:04.183Z,06201ffb-7735-42db-838c-f51d0ad3c3a6,AcademicProg,,sceneEnter,,,,,,,
2026-07-17T16:21:05.124Z,06201ffb-7735-42db-838c-f51d0ad3c3a6,AcademicProg,,elementTap,ACADEMY_PY_BUTTON,button,,,,,
2026-07-17T16:21:05.124Z,06201ffb-7735-42db-838c-f51d0ad3c3a6,AcademicProg,,actionRun,ACADEMY_PY_BUTTON,,,setState,,,
2026-07-17T16:21:05.125Z,06201ffb-7735-42db-838c-f51d0ad3c3a6,AcademicProg,,stateExit,,,942,,,,
2026-07-17T16:21:06.536Z,06201ffb-7735-42db-838c-f51d0ad3c3a6,AcademicProg,PythonState,elementTap,ACADEMY_OVERVIEW_BUTTON,button,,,,,
2026-07-17T16:21:06.536Z,06201ffb-7735-42db-838c-f51d0ad3c3a6,AcademicProg,PythonState,actionRun,ACADEMY_OVERVIEW_BUTTON,,,setState,,,
2026-07-17T16:21:06.536Z,06201ffb-7735-42db-838c-f51d0ad3c3a6,AcademicProg,PythonState,stateExit,,,1411,,,,
2026-07-17T16:21:07.103Z,06201ffb-7735-42db-838c-f51d0ad3c3a6,AcademicProg,OverviewState,elementTap,ACADEMY_BOOK_BUTTON,button,,,,,
2026-07-17T16:21:07.103Z,06201ffb-7735-42db-838c-f51d0ad3c3a6,AcademicProg,OverviewState,actionRun,ACADEMY_BOOK_BUTTON,,,setState,,,
2026-07-17T16:21:07.104Z,06201ffb-7735-42db-838c-f51d0ad3c3a6,AcademicProg,OverviewState,stateExit,,,568,,,,
2026-07-17T16:21:07.700Z,06201ffb-7735-42db-838c-f51d0ad3c3a6,AcademicProg,TextbookState,elementTap,ACADEMY_PY_BUTTON,button,,,,,
2026-07-17T16:21:07.700Z,06201ffb-7735-42db-838c-f51d0ad3c3a6,AcademicProg,TextbookState,actionRun,ACADEMY_PY_BUTTON,,,setState,,,
2026-07-17T16:21:07.700Z,06201ffb-7735-42db-838c-f51d0ad3c3a6,AcademicProg,TextbookState,stateExit,,,596,,,,
2026-07-17T16:21:12.158Z,06201ffb-7735-42db-838c-f51d0ad3c3a6,AcademicProg,PythonState,sessionEnd,,,,,,,
timestamp,sessionId,scene,sceneState,kind,element,elementType,duration,actionType,sourceId,value,error
2026-07-17T16:21:12.160Z,dc4dc7c9-0933-4c9c-af34-f83f239bd7a4,AcademicProg,PythonState,sessionEnd,,,,,,,
timestamp,sessionId,scene,sceneState,kind,element,elementType,duration,actionType,sourceId,value,error
2026-07-17T16:38:55.995Z,a0facb68-7ed0-4f98-8211-39506ac04d7e,,,sessionEnd,,,,,,,
timestamp,sessionId,scene,sceneState,kind,element,elementType,duration,actionType,sourceId,value,error
2026-07-17T16:38:55.998Z,a58bc85c-62c8-4979-933a-de694dc7e653,,,sessionEnd,,,,,,,
2026-07-17T16:38:57.148Z,a58bc85c-62c8-4979-933a-de694dc7e653,,,elementTap,VSCode,button,,,,,
2026-07-17T16:38:57.149Z,a58bc85c-62c8-4979-933a-de694dc7e653,,,actionRun,VSCode,,,goToScene,,,
2026-07-17T16:38:57.149Z,a58bc85c-62c8-4979-933a-de694dc7e653,VsCode,,sceneEnter,,,,,,,
2026-07-17T16:38:58.248Z,a58bc85c-62c8-4979-933a-de694dc7e653,VsCode,,elementTap,CMSIS,button,,,,,
2026-07-17T16:38:58.248Z,a58bc85c-62c8-4979-933a-de694dc7e653,VsCode,,actionRun,CMSIS,,,goToScene,,,
2026-07-17T16:38:58.248Z,a58bc85c-62c8-4979-933a-de694dc7e653,VsCode,,sceneExit,,,1099,,,,
2026-07-17T16:38:58.248Z,a58bc85c-62c8-4979-933a-de694dc7e653,AI Assist VScode,,sceneEnter,,,,,,,
2026-07-17T16:39:02.096Z,a58bc85c-62c8-4979-933a-de694dc7e653,AI Assist VScode,,elementTap,VSAI_HOME_BUTTON,button,,,,,
2026-07-17T16:39:02.096Z,a58bc85c-62c8-4979-933a-de694dc7e653,AI Assist VScode,,actionRun,VSAI_HOME_BUTTON,,,goToScene,,,
2026-07-17T16:39:02.096Z,a58bc85c-62c8-4979-933a-de694dc7e653,AI Assist VScode,,sceneExit,,,3848,,,,
2026-07-17T16:39:02.096Z,a58bc85c-62c8-4979-933a-de694dc7e653,Home,,sceneEnter,,,,,,,
2026-07-17T16:39:03.628Z,a58bc85c-62c8-4979-933a-de694dc7e653,Home,,elementTap,CMSIS,button,,,,,
2026-07-17T16:39:03.629Z,a58bc85c-62c8-4979-933a-de694dc7e653,Home,,actionRun,CMSIS,,,goToScene,,,
2026-07-17T16:39:03.629Z,a58bc85c-62c8-4979-933a-de694dc7e653,Home,,sceneExit,,,1533,,,,
2026-07-17T16:39:03.629Z,a58bc85c-62c8-4979-933a-de694dc7e653,CMSIS,,sceneEnter,,,,,,,
2026-07-17T16:39:04.932Z,a58bc85c-62c8-4979-933a-de694dc7e653,CMSIS,,elementTap,CMSIS_NANO_BUTTON,button,,,,,
2026-07-17T16:39:04.932Z,a58bc85c-62c8-4979-933a-de694dc7e653,CMSIS,,actionRun,CMSIS_NANO_BUTTON,,,setState,,,
2026-07-17T16:39:04.933Z,a58bc85c-62c8-4979-933a-de694dc7e653,CMSIS,,stateExit,,,1304,,,,
2026-07-17T16:39:05.655Z,a58bc85c-62c8-4979-933a-de694dc7e653,CMSIS,NanoState,elementTap,CMSIS_VS_BUTTON,button,,,,,
2026-07-17T16:39:05.655Z,a58bc85c-62c8-4979-933a-de694dc7e653,CMSIS,NanoState,actionRun,CMSIS_VS_BUTTON,,,setState,,,
2026-07-17T16:39:05.655Z,a58bc85c-62c8-4979-933a-de694dc7e653,CMSIS,NanoState,stateExit,,,722,,,,
2026-07-17T16:39:06.332Z,a58bc85c-62c8-4979-933a-de694dc7e653,CMSIS,VSstate,elementTap,CMSIS_DAP_BUTTON,button,,,,,
2026-07-17T16:39:06.332Z,a58bc85c-62c8-4979-933a-de694dc7e653,CMSIS,VSstate,actionRun,CMSIS_DAP_BUTTON,,,setState,,,
2026-07-17T16:39:06.332Z,a58bc85c-62c8-4979-933a-de694dc7e653,CMSIS,VSstate,stateExit,,,677,,,,
2026-07-17T16:39:06.872Z,a58bc85c-62c8-4979-933a-de694dc7e653,CMSIS,DAPstate,elementTap,CMSIS_HOME_BUTTON,button,,,,,
2026-07-17T16:39:06.872Z,a58bc85c-62c8-4979-933a-de694dc7e653,CMSIS,DAPstate,actionRun,CMSIS_HOME_BUTTON,,,goToScene,,,
2026-07-17T16:39:06.872Z,a58bc85c-62c8-4979-933a-de694dc7e653,CMSIS,DAPstate,sceneExit,,,3243,,,,
2026-07-17T16:39:06.872Z,a58bc85c-62c8-4979-933a-de694dc7e653,Home,,sceneEnter,,,,,,,
2026-07-17T16:39:08.819Z,a58bc85c-62c8-4979-933a-de694dc7e653,Home,,elementTap,DevTools,button,,,,,
2026-07-17T16:39:08.819Z,a58bc85c-62c8-4979-933a-de694dc7e653,Home,,actionRun,DevTools,,,goToScene,,,
2026-07-17T16:39:08.819Z,a58bc85c-62c8-4979-933a-de694dc7e653,Home,,sceneExit,,,1947,,,,
2026-07-17T16:39:08.819Z,a58bc85c-62c8-4979-933a-de694dc7e653,DevTools,,sceneEnter,,,,,,,
2026-07-17T16:39:11.074Z,a58bc85c-62c8-4979-933a-de694dc7e653,DevTools,,elementTap,HomeButton,button,,,,,
2026-07-17T16:39:11.074Z,a58bc85c-62c8-4979-933a-de694dc7e653,DevTools,,actionRun,HomeButton,,,goToScene,,,
2026-07-17T16:39:11.074Z,a58bc85c-62c8-4979-933a-de694dc7e653,DevTools,,sceneExit,,,2255,,,,
2026-07-17T16:39:11.074Z,a58bc85c-62c8-4979-933a-de694dc7e653,Home,,sceneEnter,,,,,,,
2026-07-17T16:39:12.173Z,a58bc85c-62c8-4979-933a-de694dc7e653,Home,,elementTap,Zephyr,button,,,,,
2026-07-17T16:39:12.174Z,a58bc85c-62c8-4979-933a-de694dc7e653,Home,,actionRun,Zephyr,,,goToScene,,,
2026-07-17T16:39:12.174Z,a58bc85c-62c8-4979-933a-de694dc7e653,Home,,sceneExit,,,1100,,,,
2026-07-17T16:39:12.174Z,a58bc85c-62c8-4979-933a-de694dc7e653,Zephyr,,sceneEnter,,,,,,,
2026-07-17T16:39:13.288Z,a58bc85c-62c8-4979-933a-de694dc7e653,Zephyr,,elementTap,ZEPHYR_PERCEPIO_BUTTON,button,,,,,
2026-07-17T16:39:13.288Z,a58bc85c-62c8-4979-933a-de694dc7e653,Zephyr,,actionRun,ZEPHYR_PERCEPIO_BUTTON,,,setState,,,
2026-07-17T16:39:13.288Z,a58bc85c-62c8-4979-933a-de694dc7e653,Zephyr,,stateExit,,,1114,,,,
2026-07-17T16:39:13.854Z,a58bc85c-62c8-4979-933a-de694dc7e653,Zephyr,ZephyrPercepio,elementTap,ZEPHYR_MC_BUTTON,button,,,,,
2026-07-17T16:39:13.855Z,a58bc85c-62c8-4979-933a-de694dc7e653,Zephyr,ZephyrPercepio,actionRun,ZEPHYR_MC_BUTTON,,,setState,,,
2026-07-17T16:39:13.855Z,a58bc85c-62c8-4979-933a-de694dc7e653,Zephyr,ZephyrPercepio,stateExit,,,567,,,,
2026-07-17T16:39:14.308Z,a58bc85c-62c8-4979-933a-de694dc7e653,Zephyr,ZephyrMicrochip,elementTap,ZEPHYR_BOARD_BUTTON,button,,,,,
2026-07-17T16:39:14.308Z,a58bc85c-62c8-4979-933a-de694dc7e653,Zephyr,ZephyrMicrochip,actionRun,ZEPHYR_BOARD_BUTTON,,,setState,,,
2026-07-17T16:39:14.308Z,a58bc85c-62c8-4979-933a-de694dc7e653,Zephyr,ZephyrMicrochip,stateExit,,,453,,,,
2026-07-17T16:39:14.944Z,a58bc85c-62c8-4979-933a-de694dc7e653,Zephyr,ZephyrBoard,elementTap,ZEPHYR_HOME_BUTTON,button,,,,,
2026-07-17T16:39:14.945Z,a58bc85c-62c8-4979-933a-de694dc7e653,Zephyr,ZephyrBoard,actionRun,ZEPHYR_HOME_BUTTON,,,goToScene,,,
2026-07-17T16:39:14.945Z,a58bc85c-62c8-4979-933a-de694dc7e653,Zephyr,ZephyrBoard,sceneExit,,,2771,,,,
2026-07-17T16:39:14.945Z,a58bc85c-62c8-4979-933a-de694dc7e653,Home,,sceneEnter,,,,,,,
2026-07-17T16:39:16.171Z,a58bc85c-62c8-4979-933a-de694dc7e653,Home,,elementTap,AcademicProg,button,,,,,
2026-07-17T16:39:16.171Z,a58bc85c-62c8-4979-933a-de694dc7e653,Home,,actionRun,AcademicProg,,,goToScene,,,
2026-07-17T16:39:16.171Z,a58bc85c-62c8-4979-933a-de694dc7e653,Home,,sceneExit,,,1226,,,,
2026-07-17T16:39:16.171Z,a58bc85c-62c8-4979-933a-de694dc7e653,AcademicProg,,sceneEnter,,,,,,,
2026-07-17T16:39:17.167Z,a58bc85c-62c8-4979-933a-de694dc7e653,AcademicProg,,elementTap,ACADEMY_OVERVIEW_BUTTON,button,,,,,
2026-07-17T16:39:17.168Z,a58bc85c-62c8-4979-933a-de694dc7e653,AcademicProg,,actionRun,ACADEMY_OVERVIEW_BUTTON,,,setState,,,
2026-07-17T16:39:17.168Z,a58bc85c-62c8-4979-933a-de694dc7e653,AcademicProg,,stateExit,,,997,,,,
2026-07-17T16:39:18.509Z,a58bc85c-62c8-4979-933a-de694dc7e653,AcademicProg,OverviewState,elementTap,ACADEMY_BOOK_BUTTON,button,,,,,
2026-07-17T16:39:18.509Z,a58bc85c-62c8-4979-933a-de694dc7e653,AcademicProg,OverviewState,actionRun,ACADEMY_BOOK_BUTTON,,,setState,,,
2026-07-17T16:39:18.509Z,a58bc85c-62c8-4979-933a-de694dc7e653,AcademicProg,OverviewState,stateExit,,,1341,,,,
2026-07-17T16:39:19.320Z,a58bc85c-62c8-4979-933a-de694dc7e653,AcademicProg,TextbookState,elementTap,ACADEMY_PY_BUTTON,button,,,,,
2026-07-17T16:39:19.320Z,a58bc85c-62c8-4979-933a-de694dc7e653,AcademicProg,TextbookState,actionRun,ACADEMY_PY_BUTTON,,,setState,,,
2026-07-17T16:39:19.320Z,a58bc85c-62c8-4979-933a-de694dc7e653,AcademicProg,TextbookState,stateExit,,,811,,,,
2026-07-17T16:39:20.317Z,a58bc85c-62c8-4979-933a-de694dc7e653,AcademicProg,PythonState,elementTap,ACADEMY_OVERVIEW_BUTTON,button,,,,,
2026-07-17T16:39:20.317Z,a58bc85c-62c8-4979-933a-de694dc7e653,AcademicProg,PythonState,actionRun,ACADEMY_OVERVIEW_BUTTON,,,setState,,,
2026-07-17T16:39:20.318Z,a58bc85c-62c8-4979-933a-de694dc7e653,AcademicProg,PythonState,stateExit,,,998,,,,
2026-07-17T16:39:22.326Z,a58bc85c-62c8-4979-933a-de694dc7e653,AcademicProg,OverviewState,sceneExit,,,6155,,,,
2026-07-17T16:39:22.326Z,a58bc85c-62c8-4979-933a-de694dc7e653,Home,,sceneEnter,,,,,,,
2026-07-17T16:39:23.482Z,a58bc85c-62c8-4979-933a-de694dc7e653,Home,,elementTap,AI Assist,button,,,,,
2026-07-17T16:39:23.482Z,a58bc85c-62c8-4979-933a-de694dc7e653,Home,,actionRun,AI Assist,,,goToScene,,,
2026-07-17T16:39:23.482Z,a58bc85c-62c8-4979-933a-de694dc7e653,Home,,sceneExit,,,1156,,,,
2026-07-17T16:39:23.482Z,a58bc85c-62c8-4979-933a-de694dc7e653,AI Assist VScode,,sceneEnter,,,,,,,
2026-07-17T16:39:25.419Z,a58bc85c-62c8-4979-933a-de694dc7e653,AI Assist VScode,,elementTap,VSAI_HOME_BUTTON,button,,,,,
2026-07-17T16:39:25.419Z,a58bc85c-62c8-4979-933a-de694dc7e653,AI Assist VScode,,actionRun,VSAI_HOME_BUTTON,,,goToScene,,,
2026-07-17T16:39:25.419Z,a58bc85c-62c8-4979-933a-de694dc7e653,AI Assist VScode,,sceneExit,,,1937,,,,
2026-07-17T16:39:25.419Z,a58bc85c-62c8-4979-933a-de694dc7e653,Home,,sceneEnter,,,,,,,
2026-07-17T16:39:26.418Z,a58bc85c-62c8-4979-933a-de694dc7e653,Home,,elementTap,DevTools,button,,,,,
2026-07-17T16:39:26.418Z,a58bc85c-62c8-4979-933a-de694dc7e653,Home,,actionRun,DevTools,,,goToScene,,,
2026-07-17T16:39:27.116Z,a58bc85c-62c8-4979-933a-de694dc7e653,Home,,elementTap,DevTools,button,,,,,
2026-07-17T16:39:27.116Z,a58bc85c-62c8-4979-933a-de694dc7e653,Home,,actionRun,DevTools,,,goToScene,,,
2026-07-17T16:39:27.116Z,a58bc85c-62c8-4979-933a-de694dc7e653,Home,,sceneExit,,,1697,,,,
2026-07-17T16:39:27.116Z,a58bc85c-62c8-4979-933a-de694dc7e653,DevTools,,sceneEnter,,,,,,,
2026-07-17T16:39:29.134Z,a58bc85c-62c8-4979-933a-de694dc7e653,DevTools,,elementTap,L1Button,button,,,,,
2026-07-17T16:39:29.134Z,a58bc85c-62c8-4979-933a-de694dc7e653,DevTools,,actionRun,L1Button,,,setState,,,
2026-07-17T16:39:29.134Z,a58bc85c-62c8-4979-933a-de694dc7e653,DevTools,,stateExit,,,2018,,,,
2026-07-17T16:39:29.299Z,a58bc85c-62c8-4979-933a-de694dc7e653,DevTools,iarState,elementTap,HomeButton,button,,,,,
2026-07-17T16:39:29.300Z,a58bc85c-62c8-4979-933a-de694dc7e653,DevTools,iarState,actionRun,HomeButton,,,goToScene,,,
2026-07-17T16:39:29.300Z,a58bc85c-62c8-4979-933a-de694dc7e653,DevTools,iarState,sceneExit,,,2184,,,,
2026-07-17T16:39:29.300Z,a58bc85c-62c8-4979-933a-de694dc7e653,Home,,sceneEnter,,,,,,,
2026-07-17T16:39:31.090Z,a58bc85c-62c8-4979-933a-de694dc7e653,Home,,elementTap,VSCode,button,,,,,
2026-07-17T16:39:31.090Z,a58bc85c-62c8-4979-933a-de694dc7e653,Home,,actionRun,VSCode,,,goToScene,,,
2026-07-17T16:39:31.090Z,a58bc85c-62c8-4979-933a-de694dc7e653,Home,,sceneExit,,,1790,,,,
2026-07-17T16:39:31.090Z,a58bc85c-62c8-4979-933a-de694dc7e653,VsCode,,sceneEnter,,,,,,,
2026-07-17T16:39:32.569Z,a58bc85c-62c8-4979-933a-de694dc7e653,VsCode,,elementTap,CMSIS,button,,,,,
2026-07-17T16:39:32.569Z,a58bc85c-62c8-4979-933a-de694dc7e653,VsCode,,actionRun,CMSIS,,,goToScene,,,
2026-07-17T16:39:32.569Z,a58bc85c-62c8-4979-933a-de694dc7e653,VsCode,,sceneExit,,,1479,,,,
2026-07-17T16:39:32.569Z,a58bc85c-62c8-4979-933a-de694dc7e653,Home,,sceneEnter,,,,,,,
2026-07-17T16:39:33.588Z,a58bc85c-62c8-4979-933a-de694dc7e653,Home,,elementTap,CMSIS,button,,,,,
2026-07-17T16:39:33.588Z,a58bc85c-62c8-4979-933a-de694dc7e653,Home,,actionRun,CMSIS,,,goToScene,,,
2026-07-17T16:39:34.114Z,a58bc85c-62c8-4979-933a-de694dc7e653,Home,,elementTap,CMSIS,button,,,,,
2026-07-17T16:39:34.115Z,a58bc85c-62c8-4979-933a-de694dc7e653,Home,,actionRun,CMSIS,,,goToScene,,,
2026-07-17T16:39:34.115Z,a58bc85c-62c8-4979-933a-de694dc7e653,Home,,sceneExit,,,1546,,,,
2026-07-17T16:39:34.115Z,a58bc85c-62c8-4979-933a-de694dc7e653,CMSIS,,sceneEnter,,,,,,,
2026-07-17T16:39:35.072Z,a58bc85c-62c8-4979-933a-de694dc7e653,CMSIS,,elementTap,CMSIS_NANO_BUTTON,button,,,,,
2026-07-17T16:39:35.072Z,a58bc85c-62c8-4979-933a-de694dc7e653,CMSIS,,actionRun,CMSIS_NANO_BUTTON,,,setState,,,
2026-07-17T16:39:35.072Z,a58bc85c-62c8-4979-933a-de694dc7e653,CMSIS,,stateExit,,,957,,,,
2026-07-17T16:39:35.701Z,a58bc85c-62c8-4979-933a-de694dc7e653,CMSIS,NanoState,elementTap,CMSIS_DAP_BUTTON,button,,,,,
2026-07-17T16:39:35.701Z,a58bc85c-62c8-4979-933a-de694dc7e653,CMSIS,NanoState,actionRun,CMSIS_DAP_BUTTON,,,setState,,,
2026-07-17T16:39:35.701Z,a58bc85c-62c8-4979-933a-de694dc7e653,CMSIS,NanoState,stateExit,,,629,,,,
2026-07-17T16:39:36.400Z,a58bc85c-62c8-4979-933a-de694dc7e653,CMSIS,DAPstate,elementTap,CMSIS_HOME_BUTTON,button,,,,,
2026-07-17T16:39:36.400Z,a58bc85c-62c8-4979-933a-de694dc7e653,CMSIS,DAPstate,actionRun,CMSIS_HOME_BUTTON,,,goToScene,,,
2026-07-17T16:39:36.400Z,a58bc85c-62c8-4979-933a-de694dc7e653,CMSIS,DAPstate,sceneExit,,,2285,,,,
2026-07-17T16:39:36.400Z,a58bc85c-62c8-4979-933a-de694dc7e653,Home,,sceneEnter,,,,,,,
2026-07-17T16:39:38.317Z,a58bc85c-62c8-4979-933a-de694dc7e653,Home,,sessionEnd,,,,,,,
timestamp,sessionId,scene,sceneState,kind,element,elementType,duration,actionType,sourceId,value,error
2026-07-17T16:39:38.319Z,2f204e2b-92c6-41e3-92c0-d72063d8a8d7,Home,,sessionEnd,,,,,,,
timestamp,sessionId,scene,sceneState,kind,element,elementType,duration,actionType,sourceId,value,error
2026-07-17T17:01:24.436Z,d76eb98e-1ace-45f6-b2ac-01d9bf34b1f0,,,sessionEnd,,,,,,,
timestamp,sessionId,scene,sceneState,kind,element,elementType,duration,actionType,sourceId,value,error
2026-07-17T17:01:24.434Z,eff21d16-e949-4b9e-8bc8-5bc10f36c1f7,,,sessionEnd,,,,,,,
2026-07-17T17:01:25.141Z,d76eb98e-1ace-45f6-b2ac-01d9bf34b1f0,,,elementTap,VSCode,button,,,,,
2026-07-17T17:01:25.142Z,d76eb98e-1ace-45f6-b2ac-01d9bf34b1f0,,,actionRun,VSCode,,,goToScene,,,
2026-07-17T17:01:25.142Z,d76eb98e-1ace-45f6-b2ac-01d9bf34b1f0,VsCode,,sceneEnter,,,,,,,
2026-07-17T17:01:26.319Z,d76eb98e-1ace-45f6-b2ac-01d9bf34b1f0,VsCode,,elementTap,CMSIS,button,,,,,
2026-07-17T17:01:26.319Z,d76eb98e-1ace-45f6-b2ac-01d9bf34b1f0,VsCode,,actionRun,CMSIS,,,goToScene,,,
2026-07-17T17:01:26.319Z,d76eb98e-1ace-45f6-b2ac-01d9bf34b1f0,VsCode,,sceneExit,,,1177,,,,
2026-07-17T17:01:26.319Z,d76eb98e-1ace-45f6-b2ac-01d9bf34b1f0,Home,,sceneEnter,,,,,,,
2026-07-17T17:01:27.554Z,d76eb98e-1ace-45f6-b2ac-01d9bf34b1f0,Home,,elementTap,VSCode,button,,,,,
2026-07-17T17:01:27.554Z,d76eb98e-1ace-45f6-b2ac-01d9bf34b1f0,Home,,actionRun,VSCode,,,goToScene,,,
2026-07-17T17:01:27.554Z,d76eb98e-1ace-45f6-b2ac-01d9bf34b1f0,Home,,sceneExit,,,1235,,,,
2026-07-17T17:01:27.554Z,d76eb98e-1ace-45f6-b2ac-01d9bf34b1f0,VsCode,,sceneEnter,,,,,,,
2026-07-17T17:01:28.308Z,d76eb98e-1ace-45f6-b2ac-01d9bf34b1f0,VsCode,,elementTap,CMSIS,button,,,,,
2026-07-17T17:01:28.308Z,d76eb98e-1ace-45f6-b2ac-01d9bf34b1f0,VsCode,,actionRun,CMSIS,,,goToScene,,,
2026-07-17T17:01:28.308Z,d76eb98e-1ace-45f6-b2ac-01d9bf34b1f0,VsCode,,sceneExit,,,754,,,,
2026-07-17T17:01:28.308Z,d76eb98e-1ace-45f6-b2ac-01d9bf34b1f0,AI Assist VScode,,sceneEnter,,,,,,,
2026-07-17T17:01:33.784Z,d76eb98e-1ace-45f6-b2ac-01d9bf34b1f0,AI Assist VScode,,elementTap,VSAI_HOME_BUTTON,button,,,,,
2026-07-17T17:01:33.784Z,d76eb98e-1ace-45f6-b2ac-01d9bf34b1f0,AI Assist VScode,,actionRun,VSAI_HOME_BUTTON,,,goToScene,,,
2026-07-17T17:01:33.784Z,d76eb98e-1ace-45f6-b2ac-01d9bf34b1f0,AI Assist VScode,,sceneExit,,,5476,,,,
2026-07-17T17:01:33.784Z,d76eb98e-1ace-45f6-b2ac-01d9bf34b1f0,Home,,sceneEnter,,,,,,,
2026-07-17T17:01:35.310Z,d76eb98e-1ace-45f6-b2ac-01d9bf34b1f0,Home,,elementTap,AcademicProg,button,,,,,
2026-07-17T17:01:35.310Z,d76eb98e-1ace-45f6-b2ac-01d9bf34b1f0,Home,,actionRun,AcademicProg,,,goToScene,,,
2026-07-17T17:01:35.310Z,d76eb98e-1ace-45f6-b2ac-01d9bf34b1f0,Home,,sceneExit,,,1526,,,,
2026-07-17T17:01:35.310Z,d76eb98e-1ace-45f6-b2ac-01d9bf34b1f0,AcademicProg,,sceneEnter,,,,,,,
2026-07-17T17:01:36.629Z,d76eb98e-1ace-45f6-b2ac-01d9bf34b1f0,AcademicProg,,elementTap,ACADEMY_OVERVIEW_BUTTON,button,,,,,
2026-07-17T17:01:36.630Z,d76eb98e-1ace-45f6-b2ac-01d9bf34b1f0,AcademicProg,,actionRun,ACADEMY_OVERVIEW_BUTTON,,,setState,,,
2026-07-17T17:01:36.630Z,d76eb98e-1ace-45f6-b2ac-01d9bf34b1f0,AcademicProg,,stateExit,,,1320,,,,
2026-07-17T17:01:37.806Z,d76eb98e-1ace-45f6-b2ac-01d9bf34b1f0,AcademicProg,OverviewState,elementTap,ACADEMY_BOOK_BUTTON,button,,,,,
2026-07-17T17:01:37.806Z,d76eb98e-1ace-45f6-b2ac-01d9bf34b1f0,AcademicProg,OverviewState,actionRun,ACADEMY_BOOK_BUTTON,,,setState,,,
2026-07-17T17:01:37.806Z,d76eb98e-1ace-45f6-b2ac-01d9bf34b1f0,AcademicProg,OverviewState,stateExit,,,1176,,,,
2026-07-17T17:01:38.661Z,d76eb98e-1ace-45f6-b2ac-01d9bf34b1f0,AcademicProg,TextbookState,elementTap,ACADEMY_PY_BUTTON,button,,,,,
2026-07-17T17:01:38.661Z,d76eb98e-1ace-45f6-b2ac-01d9bf34b1f0,AcademicProg,TextbookState,actionRun,ACADEMY_PY_BUTTON,,,setState,,,
2026-07-17T17:01:38.662Z,d76eb98e-1ace-45f6-b2ac-01d9bf34b1f0,AcademicProg,TextbookState,stateExit,,,856,,,,
2026-07-17T17:01:39.361Z,d76eb98e-1ace-45f6-b2ac-01d9bf34b1f0,AcademicProg,PythonState,elementTap,ACADEMY_OVERVIEW_BUTTON,button,,,,,
2026-07-17T17:01:39.362Z,d76eb98e-1ace-45f6-b2ac-01d9bf34b1f0,AcademicProg,PythonState,actionRun,ACADEMY_OVERVIEW_BUTTON,,,setState,,,
2026-07-17T17:01:39.362Z,d76eb98e-1ace-45f6-b2ac-01d9bf34b1f0,AcademicProg,PythonState,stateExit,,,700,,,,
2026-07-17T17:01:44.203Z,d76eb98e-1ace-45f6-b2ac-01d9bf34b1f0,AcademicProg,OverviewState,sessionEnd,,,,,,,
timestamp,sessionId,scene,sceneState,kind,element,elementType,duration,actionType,sourceId,value,error
2026-07-17T17:01:44.204Z,8379d931-14ab-4cfb-9e68-aad36da45886,AcademicProg,OverviewState,sessionEnd,,,,,,,
2026-07-17T17:01:56.479Z,8379d931-14ab-4cfb-9e68-aad36da45886,AcademicProg,OverviewState,sessionEnd,,,,,,,
timestamp,sessionId,scene,sceneState,kind,element,elementType,duration,actionType,sourceId,value,error
2026-07-17T17:01:56.481Z,b0475a87-db8f-4bce-ad76-564df98c4f1a,AcademicProg,OverviewState,sessionEnd,,,,,,,
2026-07-17T17:01:59.626Z,b0475a87-db8f-4bce-ad76-564df98c4f1a,AcademicProg,OverviewState,elementTap,DevTools,button,,,,,
2026-07-17T17:01:59.626Z,b0475a87-db8f-4bce-ad76-564df98c4f1a,AcademicProg,OverviewState,actionRun,DevTools,,,goToScene,,,
2026-07-17T17:01:59.626Z,b0475a87-db8f-4bce-ad76-564df98c4f1a,DevTools,,sceneEnter,,,,,,,
2026-07-17T17:02:01.903Z,b0475a87-db8f-4bce-ad76-564df98c4f1a,DevTools,,elementTap,HomeButton,button,,,,,
2026-07-17T17:02:01.903Z,b0475a87-db8f-4bce-ad76-564df98c4f1a,DevTools,,actionRun,HomeButton,,,goToScene,,,
2026-07-17T17:02:01.903Z,b0475a87-db8f-4bce-ad76-564df98c4f1a,DevTools,,sceneExit,,,2277,,,,
2026-07-17T17:02:01.903Z,b0475a87-db8f-4bce-ad76-564df98c4f1a,Home,,sceneEnter,,,,,,,
2026-07-17T17:02:03.119Z,b0475a87-db8f-4bce-ad76-564df98c4f1a,Home,,elementTap,AcademicProg,button,,,,,
2026-07-17T17:02:03.119Z,b0475a87-db8f-4bce-ad76-564df98c4f1a,Home,,actionRun,AcademicProg,,,goToScene,,,
2026-07-17T17:02:03.119Z,b0475a87-db8f-4bce-ad76-564df98c4f1a,Home,,sceneExit,,,1216,,,,
2026-07-17T17:02:03.119Z,b0475a87-db8f-4bce-ad76-564df98c4f1a,AcademicProg,,sceneEnter,,,,,,,
2026-07-17T17:02:04.510Z,b0475a87-db8f-4bce-ad76-564df98c4f1a,AcademicProg,,elementTap,ACADEMY_PY_BUTTON,button,,,,,
2026-07-17T17:02:04.510Z,b0475a87-db8f-4bce-ad76-564df98c4f1a,AcademicProg,,actionRun,ACADEMY_PY_BUTTON,,,setState,,,
2026-07-17T17:02:04.510Z,b0475a87-db8f-4bce-ad76-564df98c4f1a,AcademicProg,,stateExit,,,1391,,,,
2026-07-17T17:02:05.389Z,b0475a87-db8f-4bce-ad76-564df98c4f1a,AcademicProg,PythonState,elementTap,ACADEMY_OVERVIEW_BUTTON,button,,,,,
2026-07-17T17:02:05.390Z,b0475a87-db8f-4bce-ad76-564df98c4f1a,AcademicProg,PythonState,actionRun,ACADEMY_OVERVIEW_BUTTON,,,setState,,,
2026-07-17T17:02:05.390Z,b0475a87-db8f-4bce-ad76-564df98c4f1a,AcademicProg,PythonState,stateExit,,,880,,,,
2026-07-17T17:02:08.623Z,b0475a87-db8f-4bce-ad76-564df98c4f1a,AcademicProg,OverviewState,elementTap,ACADEMY_BOOK_BUTTON,button,,,,,
2026-07-17T17:02:08.624Z,b0475a87-db8f-4bce-ad76-564df98c4f1a,AcademicProg,OverviewState,actionRun,ACADEMY_BOOK_BUTTON,,,setState,,,
2026-07-17T17:02:08.624Z,b0475a87-db8f-4bce-ad76-564df98c4f1a,AcademicProg,OverviewState,stateExit,,,3234,,,,
2026-07-17T17:02:09.723Z,b0475a87-db8f-4bce-ad76-564df98c4f1a,AcademicProg,TextbookState,sceneExit,,,6604,,,,
2026-07-17T17:02:09.723Z,b0475a87-db8f-4bce-ad76-564df98c4f1a,Home,,sceneEnter,,,,,,,
2026-07-17T17:02:10.823Z,b0475a87-db8f-4bce-ad76-564df98c4f1a,Home,,elementTap,Zephyr,button,,,,,
2026-07-17T17:02:10.823Z,b0475a87-db8f-4bce-ad76-564df98c4f1a,Home,,actionRun,Zephyr,,,goToScene,,,
2026-07-17T17:02:10.823Z,b0475a87-db8f-4bce-ad76-564df98c4f1a,Home,,sceneExit,,,1100,,,,
2026-07-17T17:02:10.823Z,b0475a87-db8f-4bce-ad76-564df98c4f1a,Zephyr,,sceneEnter,,,,,,,
2026-07-17T17:02:11.953Z,b0475a87-db8f-4bce-ad76-564df98c4f1a,Zephyr,,elementTap,ZEPHYR_PERCEPIO_BUTTON,button,,,,,
2026-07-17T17:02:11.953Z,b0475a87-db8f-4bce-ad76-564df98c4f1a,Zephyr,,actionRun,ZEPHYR_PERCEPIO_BUTTON,,,setState,,,
2026-07-17T17:02:11.954Z,b0475a87-db8f-4bce-ad76-564df98c4f1a,Zephyr,,stateExit,,,1131,,,,
2026-07-17T17:02:13.625Z,b0475a87-db8f-4bce-ad76-564df98c4f1a,Zephyr,ZephyrPercepio,elementTap,ZEPHYR_MC_BUTTON,button,,,,,
2026-07-17T17:02:13.625Z,b0475a87-db8f-4bce-ad76-564df98c4f1a,Zephyr,ZephyrPercepio,actionRun,ZEPHYR_MC_BUTTON,,,setState,,,
2026-07-17T17:02:13.625Z,b0475a87-db8f-4bce-ad76-564df98c4f1a,Zephyr,ZephyrPercepio,stateExit,,,1671,,,,
2026-07-17T17:02:14.930Z,b0475a87-db8f-4bce-ad76-564df98c4f1a,Zephyr,ZephyrMicrochip,elementTap,ZEPHYR_BOARD_BUTTON,button,,,,,
2026-07-17T17:02:14.930Z,b0475a87-db8f-4bce-ad76-564df98c4f1a,Zephyr,ZephyrMicrochip,actionRun,ZEPHYR_BOARD_BUTTON,,,setState,,,
2026-07-17T17:02:14.930Z,b0475a87-db8f-4bce-ad76-564df98c4f1a,Zephyr,ZephyrMicrochip,stateExit,,,1305,,,,
2026-07-17T17:02:22.479Z,b0475a87-db8f-4bce-ad76-564df98c4f1a,Zephyr,ZephyrBoard,elementTap,ZEPHYR_HOME_BUTTON,button,,,,,
2026-07-17T17:02:22.479Z,b0475a87-db8f-4bce-ad76-564df98c4f1a,Zephyr,ZephyrBoard,actionRun,ZEPHYR_HOME_BUTTON,,,goToScene,,,
2026-07-17T17:02:22.479Z,b0475a87-db8f-4bce-ad76-564df98c4f1a,Zephyr,ZephyrBoard,sceneExit,,,11656,,,,
2026-07-17T17:02:22.479Z,b0475a87-db8f-4bce-ad76-564df98c4f1a,Home,,sceneEnter,,,,,,,
2026-07-17T17:02:24.566Z,b0475a87-db8f-4bce-ad76-564df98c4f1a,Home,,elementTap,AI Assist,button,,,,,
2026-07-17T17:02:24.566Z,b0475a87-db8f-4bce-ad76-564df98c4f1a,Home,,actionRun,AI Assist,,,goToScene,,,
2026-07-17T17:02:24.566Z,b0475a87-db8f-4bce-ad76-564df98c4f1a,Home,,sceneExit,,,2087,,,,
2026-07-17T17:02:24.566Z,b0475a87-db8f-4bce-ad76-564df98c4f1a,AI Assist VScode,,sceneEnter,,,,,,,
2026-07-17T17:02:32.785Z,b0475a87-db8f-4bce-ad76-564df98c4f1a,AI Assist VScode,,elementTap,VSAI_HOME_BUTTON,button,,,,,
2026-07-17T17:02:32.785Z,b0475a87-db8f-4bce-ad76-564df98c4f1a,AI Assist VScode,,actionRun,VSAI_HOME_BUTTON,,,goToScene,,,
2026-07-17T17:02:32.785Z,b0475a87-db8f-4bce-ad76-564df98c4f1a,AI Assist VScode,,sceneExit,,,8219,,,,
2026-07-17T17:02:32.785Z,b0475a87-db8f-4bce-ad76-564df98c4f1a,Home,,sceneEnter,,,,,,,
2026-07-17T17:02:34.146Z,b0475a87-db8f-4bce-ad76-564df98c4f1a,Home,,elementTap,CMSIS,button,,,,,
2026-07-17T17:02:34.147Z,b0475a87-db8f-4bce-ad76-564df98c4f1a,Home,,actionRun,CMSIS,,,goToScene,,,
2026-07-17T17:02:34.147Z,b0475a87-db8f-4bce-ad76-564df98c4f1a,Home,,sceneExit,,,1362,,,,
2026-07-17T17:02:34.147Z,b0475a87-db8f-4bce-ad76-564df98c4f1a,CMSIS,,sceneEnter,,,,,,,
2026-07-17T17:02:35.291Z,b0475a87-db8f-4bce-ad76-564df98c4f1a,CMSIS,,elementTap,CMSIS_NANO_BUTTON,button,,,,,
2026-07-17T17:02:35.292Z,b0475a87-db8f-4bce-ad76-564df98c4f1a,CMSIS,,actionRun,CMSIS_NANO_BUTTON,,,setState,,,
2026-07-17T17:02:35.292Z,b0475a87-db8f-4bce-ad76-564df98c4f1a,CMSIS,,stateExit,,,1145,,,,
2026-07-17T17:02:36.067Z,b0475a87-db8f-4bce-ad76-564df98c4f1a,CMSIS,NanoState,elementTap,CMSIS_VS_BUTTON,button,,,,,
2026-07-17T17:02:36.068Z,b0475a87-db8f-4bce-ad76-564df98c4f1a,CMSIS,NanoState,actionRun,CMSIS_VS_BUTTON,,,setState,,,
2026-07-17T17:02:36.068Z,b0475a87-db8f-4bce-ad76-564df98c4f1a,CMSIS,NanoState,stateExit,,,776,,,,
2026-07-17T17:02:38.313Z,b0475a87-db8f-4bce-ad76-564df98c4f1a,CMSIS,VSstate,elementTap,CMSIS_HOME_BUTTON,button,,,,,
2026-07-17T17:02:38.314Z,b0475a87-db8f-4bce-ad76-564df98c4f1a,CMSIS,VSstate,actionRun,CMSIS_HOME_BUTTON,,,goToScene,,,
2026-07-17T17:02:38.314Z,b0475a87-db8f-4bce-ad76-564df98c4f1a,CMSIS,VSstate,sceneExit,,,4167,,,,
2026-07-17T17:02:38.314Z,b0475a87-db8f-4bce-ad76-564df98c4f1a,Home,,sceneEnter,,,,,,,
2026-07-17T17:02:40.909Z,b0475a87-db8f-4bce-ad76-564df98c4f1a,Home,,sessionEnd,,,,,,,
timestamp,sessionId,scene,sceneState,kind,element,elementType,duration,actionType,sourceId,value,error
2026-07-17T17:02:40.912Z,834f5d98-1b39-4dcc-9e88-732eb988d992,Home,,sessionEnd,,,,,,,
2026-07-17T17:04:26.335Z,834f5d98-1b39-4dcc-9e88-732eb988d992,Home,,sessionEnd,,,,,,,
timestamp,sessionId,scene,sceneState,kind,element,elementType,duration,actionType,sourceId,value,error
2026-07-17T17:04:26.338Z,b27f0598-b59d-4834-b880-4ea57e8d05bc,Home,,sessionEnd,,,,,,,
2026-07-17T17:04:28.651Z,b27f0598-b59d-4834-b880-4ea57e8d05bc,Home,,elementTap,AI Assist,button,,,,,
2026-07-17T17:04:28.652Z,b27f0598-b59d-4834-b880-4ea57e8d05bc,Home,,actionRun,AI Assist,,,goToScene,,,
2026-07-17T17:04:28.652Z,b27f0598-b59d-4834-b880-4ea57e8d05bc,AI Assist VScode,,sceneEnter,,,,,,,
2026-07-17T17:04:38.230Z,b27f0598-b59d-4834-b880-4ea57e8d05bc,AI Assist VScode,,elementTap,VSAI_HOME_BUTTON,button,,,,,
2026-07-17T17:04:38.230Z,b27f0598-b59d-4834-b880-4ea57e8d05bc,AI Assist VScode,,actionRun,VSAI_HOME_BUTTON,,,goToScene,,,
2026-07-17T17:04:38.230Z,b27f0598-b59d-4834-b880-4ea57e8d05bc,AI Assist VScode,,sceneExit,,,9578,,,,
2026-07-17T17:04:38.230Z,b27f0598-b59d-4834-b880-4ea57e8d05bc,Home,,sceneEnter,,,,,,,
2026-07-17T17:04:40.339Z,b27f0598-b59d-4834-b880-4ea57e8d05bc,Home,,elementTap,CMSIS,button,,,,,
2026-07-17T17:04:40.340Z,b27f0598-b59d-4834-b880-4ea57e8d05bc,Home,,actionRun,CMSIS,,,goToScene,,,
2026-07-17T17:04:40.340Z,b27f0598-b59d-4834-b880-4ea57e8d05bc,Home,,sceneExit,,,2110,,,,
2026-07-17T17:04:40.340Z,b27f0598-b59d-4834-b880-4ea57e8d05bc,CMSIS,,sceneEnter,,,,,,,
2026-07-17T17:04:41.598Z,b27f0598-b59d-4834-b880-4ea57e8d05bc,CMSIS,,elementTap,CMSIS_VS_BUTTON,button,,,,,
2026-07-17T17:04:41.598Z,b27f0598-b59d-4834-b880-4ea57e8d05bc,CMSIS,,actionRun,CMSIS_VS_BUTTON,,,setState,,,
2026-07-17T17:04:41.598Z,b27f0598-b59d-4834-b880-4ea57e8d05bc,CMSIS,,stateExit,,,1258,,,,
2026-07-17T17:04:42.972Z,b27f0598-b59d-4834-b880-4ea57e8d05bc,CMSIS,VSstate,elementTap,CMSIS_NANO_BUTTON,button,,,,,
2026-07-17T17:04:42.972Z,b27f0598-b59d-4834-b880-4ea57e8d05bc,CMSIS,VSstate,actionRun,CMSIS_NANO_BUTTON,,,setState,,,
2026-07-17T17:04:42.972Z,b27f0598-b59d-4834-b880-4ea57e8d05bc,CMSIS,VSstate,stateExit,,,1374,,,,
2026-07-17T17:04:45.038Z,b27f0598-b59d-4834-b880-4ea57e8d05bc,CMSIS,NanoState,elementTap,CMSIS_DAP_BUTTON,button,,,,,
2026-07-17T17:04:45.038Z,b27f0598-b59d-4834-b880-4ea57e8d05bc,CMSIS,NanoState,actionRun,CMSIS_DAP_BUTTON,,,setState,,,
2026-07-17T17:04:45.038Z,b27f0598-b59d-4834-b880-4ea57e8d05bc,CMSIS,NanoState,stateExit,,,2066,,,,
2026-07-17T17:04:46.121Z,b27f0598-b59d-4834-b880-4ea57e8d05bc,CMSIS,DAPstate,elementTap,CMSIS_HOME_BUTTON,button,,,,,
2026-07-17T17:04:46.121Z,b27f0598-b59d-4834-b880-4ea57e8d05bc,CMSIS,DAPstate,actionRun,CMSIS_HOME_BUTTON,,,goToScene,,,
2026-07-17T17:04:46.121Z,b27f0598-b59d-4834-b880-4ea57e8d05bc,CMSIS,DAPstate,sceneExit,,,5781,,,,
2026-07-17T17:04:46.121Z,b27f0598-b59d-4834-b880-4ea57e8d05bc,Home,,sceneEnter,,,,,,,
2026-07-17T17:04:47.641Z,b27f0598-b59d-4834-b880-4ea57e8d05bc,Home,,elementTap,Zephyr,button,,,,,
2026-07-17T17:04:47.642Z,b27f0598-b59d-4834-b880-4ea57e8d05bc,Home,,actionRun,Zephyr,,,goToScene,,,
2026-07-17T17:04:47.642Z,b27f0598-b59d-4834-b880-4ea57e8d05bc,Home,,sceneExit,,,1521,,,,
2026-07-17T17:04:47.642Z,b27f0598-b59d-4834-b880-4ea57e8d05bc,Zephyr,,sceneEnter,,,,,,,
2026-07-17T17:04:48.529Z,b27f0598-b59d-4834-b880-4ea57e8d05bc,Zephyr,,elementTap,ZEPHYR_PERCEPIO_BUTTON,button,,,,,
2026-07-17T17:04:48.529Z,b27f0598-b59d-4834-b880-4ea57e8d05bc,Zephyr,,actionRun,ZEPHYR_PERCEPIO_BUTTON,,,setState,,,
2026-07-17T17:04:48.529Z,b27f0598-b59d-4834-b880-4ea57e8d05bc,Zephyr,,stateExit,,,887,,,,
2026-07-17T17:04:49.197Z,b27f0598-b59d-4834-b880-4ea57e8d05bc,Zephyr,ZephyrPercepio,elementTap,ZEPHYR_MC_BUTTON,button,,,,,
2026-07-17T17:04:49.197Z,b27f0598-b59d-4834-b880-4ea57e8d05bc,Zephyr,ZephyrPercepio,actionRun,ZEPHYR_MC_BUTTON,,,setState,,,
2026-07-17T17:04:49.197Z,b27f0598-b59d-4834-b880-4ea57e8d05bc,Zephyr,ZephyrPercepio,stateExit,,,668,,,,
2026-07-17T17:04:50.350Z,b27f0598-b59d-4834-b880-4ea57e8d05bc,Zephyr,ZephyrMicrochip,elementTap,ZEPHYR_BOARD_BUTTON,button,,,,,
2026-07-17T17:04:50.350Z,b27f0598-b59d-4834-b880-4ea57e8d05bc,Zephyr,ZephyrMicrochip,actionRun,ZEPHYR_BOARD_BUTTON,,,setState,,,
2026-07-17T17:04:50.350Z,b27f0598-b59d-4834-b880-4ea57e8d05bc,Zephyr,ZephyrMicrochip,stateExit,,,1153,,,,
2026-07-17T17:04:53.351Z,b27f0598-b59d-4834-b880-4ea57e8d05bc,Zephyr,ZephyrBoard,elementTap,ZEPHYR_HOME_BUTTON,button,,,,,
2026-07-17T17:04:53.351Z,b27f0598-b59d-4834-b880-4ea57e8d05bc,Zephyr,ZephyrBoard,actionRun,ZEPHYR_HOME_BUTTON,,,goToScene,,,
2026-07-17T17:04:53.351Z,b27f0598-b59d-4834-b880-4ea57e8d05bc,Zephyr,ZephyrBoard,sceneExit,,,5709,,,,
2026-07-17T17:04:53.351Z,b27f0598-b59d-4834-b880-4ea57e8d05bc,Home,,sceneEnter,,,,,,,
2026-07-17T17:05:04.547Z,b27f0598-b59d-4834-b880-4ea57e8d05bc,Home,,elementTap,AcademicProg,button,,,,,
2026-07-17T17:05:04.547Z,b27f0598-b59d-4834-b880-4ea57e8d05bc,Home,,actionRun,AcademicProg,,,goToScene,,,
2026-07-17T17:05:04.547Z,b27f0598-b59d-4834-b880-4ea57e8d05bc,Home,,sceneExit,,,11196,,,,
2026-07-17T17:05:04.547Z,b27f0598-b59d-4834-b880-4ea57e8d05bc,AcademicProg,,sceneEnter,,,,,,,
2026-07-17T17:05:05.842Z,b27f0598-b59d-4834-b880-4ea57e8d05bc,AcademicProg,,elementTap,ACADEMY_PY_BUTTON,button,,,,,
2026-07-17T17:05:05.842Z,b27f0598-b59d-4834-b880-4ea57e8d05bc,AcademicProg,,actionRun,ACADEMY_PY_BUTTON,,,setState,,,
2026-07-17T17:05:05.842Z,b27f0598-b59d-4834-b880-4ea57e8d05bc,AcademicProg,,stateExit,,,1295,,,,
2026-07-17T17:05:07.303Z,b27f0598-b59d-4834-b880-4ea57e8d05bc,AcademicProg,PythonState,elementTap,ACADEMY_OVERVIEW_BUTTON,button,,,,,
2026-07-17T17:05:07.303Z,b27f0598-b59d-4834-b880-4ea57e8d05bc,AcademicProg,PythonState,actionRun,ACADEMY_OVERVIEW_BUTTON,,,setState,,,
2026-07-17T17:05:07.304Z,b27f0598-b59d-4834-b880-4ea57e8d05bc,AcademicProg,PythonState,stateExit,,,1462,,,,
2026-07-17T17:05:08.473Z,b27f0598-b59d-4834-b880-4ea57e8d05bc,AcademicProg,OverviewState,elementTap,ACADEMY_BOOK_BUTTON,button,,,,,
2026-07-17T17:05:08.473Z,b27f0598-b59d-4834-b880-4ea57e8d05bc,AcademicProg,OverviewState,actionRun,ACADEMY_BOOK_BUTTON,,,setState,,,
2026-07-17T17:05:08.474Z,b27f0598-b59d-4834-b880-4ea57e8d05bc,AcademicProg,OverviewState,stateExit,,,1170,,,,
2026-07-17T17:05:12.919Z,b27f0598-b59d-4834-b880-4ea57e8d05bc,AcademicProg,TextbookState,sessionEnd,,,,,,,
timestamp,sessionId,scene,sceneState,kind,element,elementType,duration,actionType,sourceId,value,error
2026-07-17T17:05:12.921Z,767d27a8-7026-4548-8873-ac2db3b1a6f3,AcademicProg,TextbookState,sessionEnd,,,,,,,
timestamp,sessionId,scene,sceneState,kind,element,elementType,duration,actionType,sourceId,value,error
2026-07-20T14:24:18.800Z,2f137cf5-5b02-47ed-8254-4fe771b01888,,,sessionEnd,,,,,,,
2026-07-20T14:25:06.254Z,2f137cf5-5b02-47ed-8254-4fe771b01888,,,sessionEnd,,,,,,,
2026-07-20T14:25:06.845Z,2f137cf5-5b02-47ed-8254-4fe771b01888,,,sessionEnd,,,,,,,
